title,company,category,salary,state,county,town
1,9,1,198504.0,37,142,293
5,9,1,174133.47,42,196,206
16,9,1,213169.75,37,142,293
18,15,1,142425.62,9,25,252
33,14,0,170001.39,19,38,156
33,14,0,162527.4,45,33,426
33,14,0,164541.42,19,190,112
33,14,0,204683.34,19,38,297
33,14,0,203289.7,45,109,292
33,14,0,192823.19,45,109,148
33,14,0,179339.92,45,221,137
33,14,0,168114.27,19,38,366
33,14,0,158414.3,19,190,116
33,14,0,168526.0,19,38,427
13,14,1,178018.97,19,38,156
13,14,1,187798.1,45,221,137
13,14,1,165885.72,19,190,116
13,14,1,212877.61,45,109,292
13,14,1,176043.34,19,38,366
13,14,1,170192.81,45,33,426
13,14,1,176474.0,19,38,427
13,14,1,158384.1,19,38,297
13,14,1,172301.83,19,190,112
9,16,0,125037.88,41,142,130
8,16,0,150028.14,42,186,55
29,16,1,140563.48,22,168,544
16,16,0,192923.62,22,168,544
22,9,1,200340.4,19,11,551
22,9,1,164097.95,45,4,510
22,9,1,180788.56,19,38,547
22,9,1,164097.95,45,4,8
22,9,1,157759.84,19,162,162
22,9,1,157225.44,19,162,496
22,9,1,161145.77,19,162,27
22,9,1,200604.42,45,70,436
22,9,1,188980.62,19,142,358
22,9,1,169491.8,19,142,66
22,9,1,184483.39,19,89,59
22,9,1,201838.53,19,11,167
22,9,1,176319.56,19,142,122
22,9,1,165875.6,19,11,266
22,9,1,162019.95,19,37,114
22,9,1,160911.73,45,125,492
22,9,1,191658.66,19,8,302
22,9,1,161545.67,19,142,195
22,9,1,191227.6,19,162,465
22,9,1,170680.44,19,8,232
22,9,1,195051.86,19,162,365
22,9,1,171495.6,45,70,419
22,9,1,196699.44,19,11,39
22,9,1,219578.52,19,142,460
22,9,1,160062.9,19,11,46
22,9,1,162073.44,19,34,334
22,9,1,214257.3,19,74,526
22,9,1,166203.06,19,74,80
22,9,1,160178.5,19,142,161
22,9,1,226877.77,19,11,276
22,9,1,155141.83,19,11,75
22,9,1,158247.9,19,89,415
22,9,1,198587.5,19,11,49
22,9,1,185180.0,19,8,349
22,9,1,220687.39,19,162,305
22,9,1,170117.52,19,162,63
22,9,1,174261.72,19,142,83
22,9,1,160837.94,19,74,346
22,9,1,194804.61,19,142,543
22,9,1,214196.4,19,162,100
22,9,1,169610.95,45,70,539
22,9,1,164908.88,19,142,314
22,9,1,188465.7,19,142,188
22,9,1,177697.7,19,95,130
22,9,1,167807.69,19,8,187
22,9,1,161883.42,19,95,255
22,9,1,183230.77,19,8,461
22,9,1,178476.23,19,11,331
22,9,1,199024.14,45,10,491
22,9,1,204405.97,19,89,248
22,9,1,196779.73,19,38,525
22,9,1,177597.75,45,70,227
22,9,1,176138.39,19,11,405
22,9,1,208968.14,19,38,455
22,9,1,202603.39,19,11,392
22,9,1,186447.38,19,142,216
22,9,1,164068.84,45,70,522
22,9,1,182963.25,19,95,138
22,9,1,172808.34,19,95,143
22,9,1,218927.19,19,142,97
22,9,1,161252.16,45,70,109
22,9,1,165777.86,45,70,280
22,9,1,160813.55,19,95,154
22,9,1,157574.44,19,162,359
22,9,1,183590.73,45,70,320
22,9,1,158503.47,45,70,488
22,9,1,153618.33,19,142,149
22,9,1,178432.33,19,162,131
22,9,1,180382.3,19,142,212
22,9,1,163700.92,19,89,284
22,9,1,169413.89,19,142,475
22,9,1,154912.67,19,162,81
22,9,1,180086.83,19,95,219
22,9,1,161905.81,45,70,467
22,9,1,167217.08,19,11,117
22,9,1,182195.56,19,11,207
22,9,1,169647.69,19,11,355
22,9,1,192800.03,19,11,222
22,9,1,166297.23,19,74,363
22,9,1,175599.67,19,142,447
22,9,1,163576.7,19,8,509
22,9,1,174860.7,19,95,211
22,9,1,161545.67,19,142,471
22,9,1,161545.67,19,142,20
22,9,1,160062.9,19,11,554
22,9,1,188649.84,19,11,40
22,9,1,166887.14,19,11,34
22,9,1,162958.88,19,31,448
22,9,1,164097.95,45,70,201
22,9,1,176739.44,19,89,58
22,9,1,192134.84,19,142,388
22,9,1,196903.64,19,8,104
22,9,1,175395.48,19,11,545
22,9,1,197284.83,45,84,552
22,9,1,165218.2,19,142,484
22,9,1,214501.81,19,162,220
22,9,1,180282.55,19,166,226
22,9,1,212648.33,19,11,33
22,9,1,170857.95,19,34,251
22,9,1,182329.22,19,8,396
22,9,1,200365.05,19,11,418
22,9,1,173775.14,45,125,165
22,9,1,164097.95,45,4,215
22,9,1,170760.86,19,8,470
22,9,1,161145.77,19,162,127
22,9,1,161117.8,45,70,343
22,9,1,256778.44,19,11,44
22,9,1,161545.67,19,142,315
22,9,1,259467.52,19,34,192
22,9,1,164328.0,19,142,99
22,9,1,160456.61,19,8,495
22,9,1,161545.67,19,142,134
22,9,1,185527.17,19,142,380
22,9,1,168990.48,45,70,13
22,9,1,155494.66,19,8,246
22,9,1,172878.56,19,74,519
22,9,1,170595.17,19,11,37
22,9,1,166107.83,45,70,179
22,9,1,169361.23,45,70,208
22,9,1,160062.9,19,11,43
22,9,1,161145.77,46,57,559
22,9,1,161905.81,45,10,147
22,9,1,161145.77,19,162,257
22,9,1,161145.77,45,10,450
22,9,1,171132.23,19,34,239
22,9,1,192894.0,19,11,47
22,9,1,169138.48,19,142,89
22,9,1,209822.23,19,11,449
22,9,1,164818.78,19,162,309
22,9,1,179691.9,19,142,383
22,9,1,164097.95,45,70,294
22,9,1,191531.11,19,11,50
22,9,1,163243.67,19,8,172
22,9,1,196225.4,19,228,559
22,9,1,204885.69,19,89,0
22,9,1,160062.9,19,11,15
22,9,1,190937.12,19,8,338
22,9,1,203131.75,19,11,45
22,9,1,165895.38,19,89,64
22,9,1,154425.9,19,89,128
22,9,1,172121.5,19,8,440
22,9,1,186613.34,19,11,48
22,9,1,173618.1,19,11,98
22,9,1,191162.5,19,11,106
22,9,1,156082.56,19,142,19
22,9,1,191611.5,45,70,141
22,9,1,165356.9,19,74,278
22,9,1,199947.39,19,8,469
22,9,1,193758.33,19,166,120
22,9,1,169904.31,19,38,261
22,9,1,161145.77,46,57,529
22,9,1,173178.23,19,162,4
22,9,1,191181.1,19,95,282
22,9,1,190554.92,19,162,386
22,9,1,216434.19,19,142,79
22,9,1,168517.81,19,162,371
22,9,1,164852.89,19,8,409
22,9,1,200590.84,19,162,144
22,9,1,184418.12,19,162,384
22,9,1,186917.2,19,142,123
22,9,1,183769.77,19,31,168
22,9,1,145845.44,19,74,269
22,9,1,161921.25,19,142,382
22,9,1,176121.42,19,38,423
22,9,1,251896.44,19,162,303
22,9,1,176414.1,19,162,119
22,9,1,159373.81,19,162,406
22,9,1,216270.36,19,89,60
22,9,1,161145.77,19,162,513
22,9,1,200185.7,19,8,145
22,9,1,179565.31,19,162,205
22,9,1,166720.6,19,166,493
22,9,1,163465.83,19,34,159
22,9,1,187251.03,19,11,91
22,9,1,207128.48,45,70,361
22,9,1,148572.28,19,162,77
22,9,1,170744.58,19,8,452
22,9,1,159105.77,19,11,483
22,9,1,174553.12,19,11,262
22,9,1,194626.53,19,8,241
22,9,1,150798.16,19,142,213
22,9,1,177342.19,19,89,189
22,9,1,171716.69,19,8,322
22,9,1,215132.39,19,74,317
22,9,1,163145.0,19,38,92
22,9,1,229242.12,19,89,173
22,9,1,178282.66,19,74,356
22,9,1,225999.5,19,11,36
22,9,1,224789.53,19,162,353
22,9,1,177398.17,19,8,153
22,9,1,161116.42,19,74,375
22,9,1,236374.52,19,8,256
22,9,1,184687.06,19,11,339
22,9,1,175087.3,45,70,393
22,9,1,183626.47,19,8,468
22,9,1,164494.05,19,89,61
22,9,1,231746.47,19,8,146
22,9,1,205476.42,19,162,304
22,9,1,159962.03,19,95,221
22,9,1,165247.83,19,74,199
22,9,1,170981.5,19,162,442
22,9,1,161545.67,19,142,132
22,9,1,155032.83,19,142,530
22,9,1,189820.72,19,11,171
22,9,1,203604.02,45,163,395
22,9,1,153997.36,19,8,329
22,9,1,153990.75,19,8,321
22,9,1,176095.56,19,162,441
22,9,1,185190.25,19,11,482
22,9,1,146240.28,19,11,408
22,9,1,183457.72,19,162,136
22,9,1,191713.67,45,70,515
22,9,1,189747.23,45,4,428
22,9,1,174269.7,19,142,218
22,9,1,141571.4,19,11,414
22,9,1,177537.12,19,74,301
22,9,1,181161.36,19,34,175
22,9,1,158010.55,19,162,2
22,9,1,192344.02,19,11,209
22,9,1,195657.53,19,11,42
22,9,1,138155.6,19,11,31
22,9,1,172084.73,19,74,555
22,9,1,173485.69,45,70,379
22,9,1,160062.9,19,11,35
22,9,1,185747.4,45,70,197
22,9,1,185123.16,19,11,41
22,9,1,131225.78,19,142,546
22,9,1,202472.81,19,74,258
22,9,1,184320.55,45,70,62
22,9,1,167129.39,19,142,53
22,9,1,196713.69,19,89,1
22,9,1,179020.72,19,95,537
22,9,1,163928.7,19,34,377
22,9,1,181912.2,19,162,479
22,9,1,179549.56,45,70,95
22,9,1,161905.81,45,10,17
22,9,1,161733.28,45,70,252
22,9,1,163760.73,19,162,336
22,9,1,157407.12,19,11,326
22,9,1,189320.47,19,8,242
22,9,1,163865.88,19,95,556
22,9,1,192756.27,19,162,196
22,9,1,207217.0,19,142,158
22,9,1,170680.44,19,8,14
22,9,1,164644.08,19,162,291
22,9,1,171841.36,45,70,389
22,9,1,205598.16,19,11,508
22,9,1,160062.9,19,11,32
22,9,1,163782.12,45,70,514
22,9,1,163340.38,19,11,295
22,9,1,157574.44,19,162,311
22,9,1,176959.86,45,70,540
22,9,1,181513.45,45,70,536
22,9,1,175853.06,19,11,345
22,9,1,166514.97,19,162,231
22,9,1,189231.84,19,74,3
22,9,1,180907.9,45,70,111
22,9,1,140281.45,19,162,501
22,9,1,161905.81,45,10,202
22,9,1,196857.08,19,142,337
22,9,1,183519.31,19,162,518
22,9,1,149686.58,19,31,404
22,9,1,168440.05,19,8,217
22,9,1,182517.11,19,142,541
22,9,1,171938.4,19,95,472
22,9,1,160062.9,19,11,38
22,9,1,161897.78,45,70,186
22,9,1,161145.77,45,70,28
22,9,1,160062.9,19,11,182
22,9,1,168192.69,19,8,18
22,9,1,170117.52,19,162,105
22,9,1,163399.9,19,162,387
22,9,1,186508.55,19,11,133
22,9,1,158931.52,19,162,72
22,9,1,160388.38,19,11,439
22,9,1,166466.7,19,142,425
22,9,1,168651.1,19,31,264
22,9,1,186012.25,19,162,478
22,9,1,174118.19,19,95,177
22,9,1,163082.0,19,142,290
22,9,1,175897.0,45,10,476
22,9,1,164097.95,45,4,103
22,9,1,163533.97,45,70,327
22,9,1,154786.27,19,74,517
22,9,1,214079.6,45,70,185
22,9,1,205819.25,19,11,51
22,9,1,170515.47,19,34,542
22,9,1,195182.48,19,74,135
22,9,1,169486.62,45,70,394
22,9,1,171787.61,19,162,230
22,9,1,216428.83,19,142,428
22,9,1,265318.06,19,142,398
22,9,1,166513.39,19,142,534
22,9,1,155078.52,19,142,129
22,9,1,162462.94,45,70,497
22,9,1,151172.67,19,95,323
20,10,1,105000.0,19,8,200
20,10,1,105000.0,45,42,480
18,13,1,130000.0,19,190,112
20,13,1,135000.0,45,109,292
20,13,1,140000.0,19,38,427
18,13,1,135000.0,45,191,245
20,13,1,152500.0,45,33,426
20,13,1,135000.0,45,221,137
18,13,1,130000.0,19,38,274
18,13,1,130000.0,45,75,180
20,13,1,135000.0,19,190,116
20,13,1,135000.0,19,190,112
20,13,1,135000.0,19,38,297
20,13,1,130000.0,19,38,156
18,13,1,127500.0,45,33,299
18,13,1,125000.0,45,33,553
20,10,1,150000.0,19,8,200
20,10,1,150000.0,19,162,311
20,10,1,150000.0,19,8,461
18,13,1,125000.0,19,38,366
18,13,1,125000.0,45,191,489
20,13,1,140000.0,19,38,366
20,13,1,132500.0,19,38,297
18,13,1,125000.0,45,191,88
18,13,1,135000.0,45,188,372
25,16,0,222924.1,48,110,296
10,8,0,115087.95,0,129,265
17,9,1,167074.1,45,10,450
17,9,1,170135.05,45,70,201
17,9,1,169723.42,19,89,284
17,9,1,166755.25,19,74,346
17,9,1,189971.75,19,8,461
17,9,1,156345.95,19,142,213
17,9,1,176959.36,19,8,232
17,9,1,179165.89,19,95,143
17,9,1,168953.9,19,31,448
17,9,1,210858.7,45,4,510
17,9,1,264679.94,45,70,536
17,9,1,193793.62,19,142,123
17,9,1,190530.22,19,31,168
17,9,1,177026.38,19,8,452
17,9,1,168035.89,19,34,334
17,9,1,199006.11,37,227,373
17,9,1,168765.81,19,8,241
17,9,1,174446.62,45,70,419
17,9,1,210056.88,19,11,392
17,9,1,196803.77,19,11,171
17,9,1,186171.27,19,162,205
17,9,1,199420.1,19,11,209
17,9,1,168970.5,19,74,422
17,9,1,164977.3,19,162,501
17,9,1,207302.98,19,8,469
17,9,1,163371.39,19,162,311
17,9,1,167117.6,19,162,365
17,9,1,202296.4,19,8,321
17,9,1,202855.5,19,11,42
17,9,1,191933.94,19,11,41
17,9,1,182574.22,19,162,441
17,9,1,224226.0,19,89,60
17,9,1,160106.88,19,89,128
17,9,1,196285.69,19,8,242
17,9,1,181294.1,19,95,211
17,9,1,214840.02,19,142,158
17,9,1,174380.42,19,8,18
17,9,1,195589.81,19,11,40
17,9,1,167765.92,19,37,416
17,9,1,192352.64,19,142,380
17,9,1,180091.98,19,162,291
17,9,1,239033.6,45,70,208
17,9,1,189878.11,45,10,476
17,9,1,171440.0,19,74,278
17,9,1,167861.78,45,10,17
17,9,1,166616.95,19,162,196
17,9,1,167488.88,19,142,543
17,9,1,164959.36,19,11,483
17,9,1,196193.61,19,74,3
17,9,1,167118.55,19,11,551
17,9,1,213035.81,19,162,304
17,9,1,175888.61,19,11,355
17,9,1,234313.7,19,11,36
17,9,1,178263.95,19,95,472
17,9,1,222139.72,19,74,526
17,9,1,182904.11,19,162,119
17,9,1,160849.28,19,11,75
17,9,1,205893.66,19,11,49
17,9,1,203950.31,19,89,1
17,9,1,173278.02,19,142,53
17,9,1,185042.31,19,11,331
17,9,1,169594.3,19,8,509
17,9,1,177143.4,19,34,251
17,9,1,176870.95,19,11,37
17,9,1,191270.1,19,89,59
17,9,1,222076.61,19,162,100
17,9,1,194890.83,19,142,382
17,9,1,172317.94,19,74,80
17,9,1,165951.23,19,11,38
17,9,1,167488.88,19,142,471
17,9,1,160736.27,19,142,530
17,9,1,187018.67,19,142,212
17,9,1,198195.48,19,11,106
17,9,1,204019.19,19,38,525
17,9,1,266225.2,19,11,44
17,9,1,203935.73,19,11,39
17,9,1,180681.02,19,142,218
17,9,1,179868.5,45,70,379
17,9,1,163823.69,19,162,2
17,9,1,189694.03,19,95,138
17,9,1,180621.75,19,166,430
17,9,1,209921.9,19,74,258
17,9,1,175191.86,45,70,514
17,9,1,206345.95,45,10,491
17,9,1,193478.6,19,11,48
17,9,1,165785.77,19,11,295
17,9,1,167861.78,45,10,202
17,9,1,183470.14,45,70,540
17,9,1,204543.25,45,84,552
17,9,1,161824.77,19,142,19
17,9,1,184068.47,19,74,301
17,9,1,177272.19,19,162,442
17,9,1,143238.16,19,11,31
17,9,1,161214.94,19,8,246
17,9,1,171876.77,45,70,280
17,9,1,191101.62,45,70,62
17,9,1,185606.45,19,95,537
17,9,1,163198.06,19,11,326
17,9,1,184235.14,19,95,130
17,9,1,170917.6,19,8,409
17,9,1,197565.36,19,162,386
17,9,1,178163.33,45,70,389
17,9,1,204521.98,19,142,129
17,9,1,191481.44,19,11,339
17,9,1,177428.12,19,34,239
17,9,1,167074.1,46,57,529
17,9,1,198262.6,19,162,465
17,9,1,187826.2,19,34,175
17,9,1,245070.64,19,8,256
17,9,1,183241.61,19,89,58
17,9,1,178415.48,19,74,555
17,9,1,178034.08,19,8,322
17,9,1,261163.1,19,162,303
17,9,1,245246.45,45,4,103
17,9,1,171666.42,19,106,121
17,9,1,207970.5,19,162,144
17,9,1,174717.34,19,162,371
17,9,1,173858.69,19,74,135
17,9,1,184841.23,19,74,356
17,9,1,166073.3,19,37,29
17,9,1,196727.95,45,4,428
17,9,1,198766.94,45,70,515
17,9,1,207550.06,19,8,145
17,9,1,167074.1,45,70,28
17,9,1,167488.88,19,142,134
17,9,1,167074.1,45,70,343
17,9,1,165951.23,19,11,43
17,9,1,204099.17,19,142,337
17,9,1,172639.5,19,142,534
17,9,1,202421.45,19,11,439
17,9,1,186556.94,45,70,186
17,9,1,165951.23,19,11,51
17,9,1,165237.11,19,162,406
17,9,1,178374.83,19,142,428
17,9,1,191202.61,19,162,384
17,9,1,168136.55,19,74,517
17,9,1,173733.88,19,95,556
17,9,1,175721.95,45,70,394
17,9,1,182322.27,19,11,345
17,9,1,167074.1,19,162,105
17,9,1,227997.19,19,11,32
17,9,1,160480.62,19,8,470
17,9,1,165951.23,19,11,418
17,9,1,167861.78,45,10,147
17,9,1,226538.33,19,142,122
17,9,1,170373.39,19,142,99
17,9,1,269013.72,19,34,192
17,9,1,169959.25,19,34,377
17,9,1,165951.23,19,11,554
17,9,1,203444.08,19,228,559
17,9,1,198577.47,19,11,50
17,9,1,170882.06,19,162,496
17,9,1,217541.3,19,11,449
17,9,1,222393.23,19,162,220
17,9,1,184490.42,19,95,177
17,9,1,232229.22,19,142,195
17,9,1,189036.86,19,8,396
17,9,1,199990.5,19,11,47
17,9,1,195399.45,19,142,188
17,9,1,165951.23,19,11,46
17,9,1,167839.05,19,95,255
17,9,1,180005.44,19,11,98
17,9,1,191993.06,19,8,349
17,9,1,200886.42,19,166,120
17,9,1,186711.97,19,95,219
17,9,1,192003.5,19,11,482
17,9,1,181847.86,19,11,545
17,9,1,172854.17,19,166,493
17,9,1,233059.45,19,162,353
17,9,1,170975.64,19,142,314
17,9,1,199202.64,19,142,388
17,9,1,188898.1,19,11,207
17,9,1,226981.64,19,142,97
17,9,1,180974.86,19,11,262
17,9,1,166730.12,19,95,154
17,9,1,159269.88,19,142,149
17,9,1,136053.53,19,142,546
17,9,1,227656.3,19,142,460
17,9,1,186915.06,19,166,226
17,9,1,160611.53,19,162,81
17,9,1,173981.42,19,8,187
17,9,1,240272.33,19,8,146
17,9,1,178453.78,19,8,440
17,9,1,170882.06,19,162,309
17,9,1,167488.88,19,142,315
17,9,1,167074.1,19,162,513
17,9,1,196442.23,19,89,381
17,9,1,159663.0,19,8,329
17,9,1,195174.48,19,11,15
17,9,1,164089.34,45,70,252
17,9,1,194139.9,19,11,91
17,9,1,170135.05,45,70,294
17,9,1,169479.83,19,34,159
17,9,1,182686.2,19,31,404
17,9,1,170104.86,45,70,522
17,9,1,163371.39,19,162,359
17,9,1,171326.89,19,74,199
17,9,1,214748.45,45,70,361
17,9,1,167980.45,19,37,114
17,9,1,169433.12,19,34,516
17,9,1,235224.05,19,11,276
17,9,1,186302.69,19,142,383
17,9,1,190344.78,45,70,320
17,9,1,182617.75,19,11,405
17,9,1,198660.62,45,70,141
17,9,1,224397.14,19,142,79
17,9,1,175727.66,19,142,541
17,9,1,180672.56,19,142,83
17,9,1,190382.36,19,8,468
17,9,1,198214.56,19,95,282
17,9,1,199892.67,19,11,222
17,9,1,164069.78,19,89,415
17,9,1,223047.02,19,74,317
17,9,1,197961.23,19,8,338
17,9,1,167043.66,19,74,375
17,9,1,207250.8,19,162,518
17,9,1,165846.81,19,95,221
17,9,1,170022.16,19,142,398
17,9,1,184996.78,19,162,131
17,9,1,163561.11,19,74,298
17,9,1,167488.88,19,142,132
17,9,1,211178.08,19,142,290
17,9,1,169249.19,19,8,172
17,9,1,166359.73,19,8,495
17,9,1,204147.64,19,8,104
17,9,1,183866.19,19,89,189
17,9,1,168173.44,19,89,277
17,9,1,220471.56,19,11,33
17,9,1,207984.98,45,70,436
17,9,1,208926.89,19,162,478
17,9,1,172277.67,19,89,151
17,9,1,183924.58,19,8,153
17,9,1,172415.25,19,74,363
17,9,1,201895.52,45,70,393
17,9,1,188604.69,19,162,479
17,9,1,166217.48,19,142,425
17,9,1,174636.72,19,8,217
17,9,1,163563.92,19,162,162
17,9,1,223641.5,45,4,8
17,9,1,165951.23,19,11,508
17,9,1,178107.61,19,162,4
17,9,1,180032.9,45,70,467
17,9,1,164778.23,19,162,72
17,9,1,167282.16,19,166,433
17,9,1,165951.23,19,11,182
17,9,1,221955.7,45,70,185
17,9,1,167074.1,19,162,27
17,9,1,179238.36,19,74,519
17,9,1,158410.08,19,142,216
17,9,1,210604.69,19,11,45
17,9,1,193370.12,19,11,133
17,9,1,226718.8,19,162,257
17,9,1,185600.44,19,31,264
17,9,1,176788.66,19,34,542
17,9,1,173368.77,19,11,117
17,9,1,170545.72,19,89,61
17,9,1,184131.5,45,70,227
17,9,1,165951.23,19,11,35
17,9,1,212423.34,19,89,0
17,9,1,193507.19,19,162,231
17,9,1,178107.61,19,162,230
17,9,1,151620.11,19,11,408
17,9,1,173027.02,19,11,34
17,9,1,151210.88,19,74,269
17,9,1,211925.97,19,89,248
17,9,1,237676.08,19,89,173
17,9,1,166943.33,19,162,387
17,9,1,209263.69,19,11,167
17,9,1,228806.39,19,162,305
17,9,1,175646.39,19,142,475
17,9,1,170135.05,45,4,215
17,9,1,182059.56,19,142,447
17,9,1,176376.08,19,162,63
17,9,1,175360.69,19,142,89
17,9,1,175207.4,45,70,13
17,9,1,171998.6,19,89,64
17,9,1,146779.75,19,11,414
17,9,1,171296.5,19,142,484
17,9,1,190206.33,19,162,136
17,9,1,158645.02,19,11,65
17,9,1,187582.4,19,162,336
17,9,1,198709.69,19,8,302
17,9,1,156734.1,19,95,323
17,9,1,171977.92,19,11,266
17,9,1,171207.66,19,162,77
17,9,1,195933.33,19,142,358
17,9,1,167074.1,46,57,559
17,9,1,167074.1,19,162,127
17,9,1,213096.98,19,142,20
17,9,1,176383.14,19,142,66
17,9,1,201615.17,19,8,14
7,9,1,193299.69,19,8,396
7,9,1,176487.45,19,8,200
7,9,1,181018.36,19,8,452
7,9,1,192857.77,19,162,479
20,7,1,134359.11,4,204,101
27,7,1,120095.45,4,124,94
20,7,1,144136.52,39,12,240
20,7,1,132286.4,45,10,17
15,13,1,135000.0,45,221,137
15,13,1,152500.0,19,190,249
15,13,1,135000.0,45,75,180
15,13,1,135000.0,19,38,423
15,13,1,150000.0,19,38,366
4,10,1,150000.0,19,8,242
30,10,1,155000.0,45,191,489
15,13,1,142500.0,45,221,558
15,13,1,142500.0,45,75,180
15,13,1,155000.0,19,38,297
15,13,1,157500.0,45,188,486
9,11,1,145000.0,28,43,288
15,13,1,155000.0,45,69,110
15,13,1,152500.0,19,38,261
15,13,1,142500.0,45,109,163
15,13,1,150000.0,19,38,455
15,13,1,152500.0,19,38,427
6,10,1,157500.0,19,8,461
15,13,1,135000.0,45,33,78
15,13,1,150000.0,19,190,116
15,13,1,152500.0,45,191,190
0,12,1,78492.22,8,19,340
24,5,0,185189.55,6,122,67
20,1,1,173193.1,20,193,170
20,1,1,178380.27,46,108,505
20,1,1,162839.25,4,177,502
20,1,1,181132.69,31,148,335
20,1,1,176491.5,42,198,26
23,6,1,171634.02,11,16,267
12,3,1,184011.08,45,92,244
32,16,0,151875.83,41,142,130
28,7,1,123248.88,4,152,11
9,7,1,142392.36,4,152,273
12,7,1,168834.88,31,148,559
16,7,1,185354.56,31,148,559
16,7,1,184844.4,20,193,76
16,7,1,180697.55,45,70,539
31,7,1,178677.55,19,142,212
16,7,1,153483.89,31,148,559
16,7,1,123303.43,4,173,454
20,2,1,124825.92,50,228,559
20,0,1,135493.77,50,228,559
20,0,1,135820.17,50,228,559
20,0,1,122723.43,50,228,559
33,13,1,145000.0,45,221,137
33,13,1,145000.0,19,190,112
33,13,1,145000.0,19,38,297
33,13,1,145000.0,45,33,426
33,13,1,145000.0,19,38,427
33,13,1,145000.0,19,190,116
33,13,1,145000.0,19,38,156
14,10,1,162500.0,19,8,242
33,13,1,140000.0,19,38,366
33,13,1,140000.0,45,109,148
11,10,1,135000.0,19,8,242
3,10,1,115000.0,19,8,242
33,13,1,152500.0,45,109,292
19,10,1,140000.0,45,70,252
2,10,1,135000.0,19,8,242
26,17,1,59231.02,47,28,263
26,17,1,59726.72,38,20,84
26,17,1,58069.82,3,212,487
26,17,1,63102.58,29,69,378
26,17,1,59008.42,48,23,229
26,17,1,64490.43,6,71,490
26,17,1,66970.6,31,174,429
26,17,1,58447.4,32,207,435
26,17,1,58576.14,33,210,351
26,17,1,56761.59,24,100,270
26,17,1,63439.28,20,161,85
26,17,1,60302.32,38,106,528
26,17,1,59683.62,49,114,124
26,17,1,57430.79,3,78,259
26,17,1,61338.93,37,52,73
26,17,1,62480.29,19,8,14
26,17,1,61163.68,21,216,160
26,17,1,58119.3,23,91,235
26,17,1,62785.51,46,108,466
26,17,1,58894.13,17,30,300
26,17,1,58325.52,2,130,463
26,17,1,59600.34,35,199,86
26,17,1,60642.58,42,98,140
26,17,1,60070.94,13,205,503
26,17,1,62178.44,6,147,531
26,17,1,59550.52,12,54,125
26,17,1,58532.36,41,129,275
26,17,1,59807.09,45,70,13
26,17,1,57490.69,45,169,438
26,17,1,56397.21,0,102,70
26,17,1,61425.21,15,56,420
26,17,1,58715.68,13,203,184
26,17,1,57372.49,16,102,330
26,17,1,63239.58,7,194,347
26,17,1,59100.79,3,55,283
26,17,1,57419.23,25,35,227
26,17,1,58793.73,46,197,399
26,17,1,59431.32,22,175,166
26,17,1,57000.0,42,102,57
26,17,1,59606.2,20,87,488
26,17,1,58885.2,11,32,369
26,17,1,53544.2,10,94,559
26,17,1,55437.73,19,212,236
26,17,1,56624.48,41,171,367
26,17,1,60643.1,31,22,69
26,17,1,62500.19,49,145,108
26,17,1,61014.13,31,3,6
26,17,1,58626.66,24,18,138
26,17,1,59304.16,19,162,309
26,17,1,58080.95,17,153,376
26,17,1,57686.81,39,39,364
26,17,1,59173.65,15,103,403
26,17,1,61917.96,10,94,411
26,17,1,56335.02,37,58,243
26,17,1,58043.19,45,206,523
26,17,1,60910.47,12,222,446
26,17,1,57362.1,32,160,234
26,17,1,62968.88,9,49,289
26,17,1,57410.97,3,165,324
26,17,1,59004.82,8,152,402
26,17,1,61915.95,46,46,520
26,17,1,59581.7,43,176,457
26,17,1,59527.18,6,71,82
26,17,1,57196.14,14,103,272
26,17,1,59161.01,32,63,169
26,17,1,57789.01,42,196,17
26,17,1,58269.36,43,218,397
26,17,1,66912.83,43,202,401
26,17,1,56505.75,26,61,400
26,17,1,60262.48,42,198,26
26,17,1,60351.28,17,65,56
26,17,1,67041.09,4,179,459
26,17,1,57048.62,45,101,549
26,17,1,66865.05,4,76,210
26,17,1,61115.41,4,124,424
26,17,1,62199.43,41,86,118
26,17,1,63506.89,10,94,348
26,17,1,57926.73,33,36,191
26,17,1,57582.54,2,50,193
26,17,1,59249.71,31,151,498
26,17,1,56942.96,14,224,473
26,17,1,61008.55,5,1,504
26,17,1,57354.49,24,100,286
26,17,1,61791.48,28,93,370
26,17,1,59763.01,44,212,54
26,17,1,57208.14,28,192,443
26,17,1,61892.1,4,97,16
26,17,1,57859.37,14,15,532
26,17,1,57579.41,8,120,499
26,17,1,58930.59,8,118,203
26,17,1,60457.79,31,141,443
26,17,1,59331.31,44,172,453
26,17,1,53051.62,30,62,310
26,17,1,57798.27,20,149,533
26,17,1,58607.09,8,93,500
26,17,1,61676.8,43,29,325
26,17,1,59581.08,23,60,481
26,17,1,60078.34,2,158,511
26,17,1,57543.34,46,187,485
26,17,1,63107.39,43,176,538
26,17,1,60655.13,18,156,52
26,17,1,59801.16,21,104,285
26,17,1,59609.95,28,93,334
26,17,1,60865.3,21,99,306
26,17,1,59830.08,37,119,10
26,17,1,56928.68,35,53,313
26,17,1,60802.06,8,159,456
26,17,1,60402.35,4,107,30
26,17,1,59277.35,11,129,437
26,17,1,62172.21,21,106,225
26,17,1,57914.25,9,83,312
26,17,1,58198.94,8,68,412
26,17,1,60550.12,21,155,9
26,17,1,65511.57,31,148,87
26,17,1,56708.46,44,212,359
26,17,1,58322.9,21,150,444
26,17,1,65295.26,4,181,458
26,17,1,58989.07,33,80,223
26,17,1,61637.52,47,140,360
26,17,1,59555.91,38,164,431
26,17,1,56893.94,9,143,139
26,17,1,60076.5,27,213,482
26,17,1,64009.38,7,146,550
26,17,1,60360.95,7,194,464
26,17,1,59274.02,19,142,447
26,17,1,61078.12,21,214,12
26,17,1,57973.15,26,112,319
26,17,1,60449.49,19,162,77
26,17,1,60123.91,19,11,508
26,17,1,56191.33,44,45,96
26,17,1,59341.1,16,211,78
26,17,1,57025.94,11,0,342
26,17,1,62312.06,21,79,194
26,17,1,58465.74,24,81,488
26,17,1,62434.3,32,215,74
26,17,1,61225.78,18,105,24
26,17,1,55459.3,33,26,71
26,17,1,55589.61,49,3,307
26,17,1,57056.4,9,77,22
26,17,1,61456.32,7,146,346
26,17,1,65855.53,6,147,237
26,17,1,57424.44,32,82,254
26,17,1,56778.32,32,132,115
26,17,1,63261.77,29,96,281
26,17,1,53493.57,23,117,342
26,17,1,59997.55,18,7,23
26,17,1,62877.91,6,71,391
26,17,1,58169.48,42,90,260
26,17,1,57936.56,28,170,157
26,17,1,60150.69,32,2,178
26,17,1,72701.94,10,94,524
26,17,1,57955.79,25,138,352
26,17,1,58212.93,12,180,488
26,17,1,57826.5,1,6,559
26,17,1,62633.37,7,106,164
26,17,1,61466.82,8,19,340
26,17,1,55870.88,0,139,354
26,17,1,58800.57,32,82,233
26,17,1,59841.89,18,7,316
26,17,1,66726.56,4,124,390
26,17,1,54134.51,36,113,183
26,17,1,63244.16,13,189,477
26,17,1,62986.36,4,178,494
26,17,1,59812.33,9,40,462
26,17,1,58372.15,9,47,21
26,17,1,56078.43,45,127,332
26,17,1,62200.21,4,124,328
26,17,1,57456.48,9,14,333
26,17,1,61198.69,6,71,150
26,17,1,58742.45,26,85,224
26,17,1,59067.09,25,121,250
26,17,1,61802.44,31,22,521
26,17,1,61020.3,38,164,410
26,17,1,61396.05,29,201,176
26,17,1,61163.04,5,219,228
26,17,1,59746.38,12,59,155
26,17,1,60029.48,42,144,368
26,17,1,58454.26,11,116,362
26,17,1,56758.83,2,130,344
26,17,1,58916.15,47,223,407
26,17,1,61290.62,20,135,102
26,17,1,56911.79,11,17,268
26,17,1,63158.81,31,67,93
26,17,1,56664.4,25,226,68
26,17,1,61348.52,37,67,181
21,4,1,103798.23,48,209,548
21,4,1,92469.42,47,223,407
21,4,1,99652.77,4,27,126
21,4,1,92873.57,15,103,403
21,4,1,88555.02,42,208,265
21,4,1,90484.88,40,137,474
21,4,1,91984.44,8,93,500
21,4,1,98100.78,7,146,378
21,4,1,94426.48,37,44,535
21,4,1,91115.29,0,200,512
21,4,1,96361.73,29,201,176
21,4,1,91762.5,24,81,488
21,4,1,89694.89,11,16,267
21,4,1,95996.95,21,216,160
21,4,1,93428.44,6,71,82
21,4,1,93465.16,12,54,125
21,4,1,90135.98,0,142,357
21,4,1,91733.72,32,207,435
21,4,1,89958.66,13,131,271
21,4,1,96051.89,6,71,150
21,4,1,93907.24,8,64,276
21,4,1,98229.12,8,134,253
21,4,1,92651.79,15,184,507
21,4,1,89587.01,16,72,318
21,4,1,92734.35,48,167,434
21,4,1,98687.44,6,71,391
21,4,1,90138.05,3,78,259
21,4,1,94125.2,9,34,107
21,4,1,94216.81,42,144,368
21,4,1,87341.97,40,21,90
21,4,1,82723.92,30,154,5
21,4,1,93545.5,28,133,142
21,4,1,89849.94,42,217,308
21,4,1,94355.46,6,147,374
21,4,1,95339.05,14,182,152
21,4,1,88587.38,23,73,247
21,4,1,91141.19,3,212,487
21,4,1,97140.29,4,97,16
21,4,1,95423.64,5,9,25
21,4,1,93529.0,15,225,286
21,4,1,87689.75,0,139,354
21,4,1,92015.15,24,18,138
21,4,1,87010.0,19,212,236
21,4,1,91454.28,43,218,397
21,4,1,96740.54,47,140,360
21,4,1,86462.57,2,130,417
21,4,1,95921.08,4,124,424
21,4,1,98830.31,9,49,289
21,4,1,102109.02,31,148,432
21,4,1,94293.39,2,158,511
21,4,1,92614.34,48,23,229
21,4,1,98542.42,46,108,466
21,4,1,91963.12,19,11,32
21,4,1,93903.92,37,119,10
21,4,1,96337.66,37,5,421
21,4,1,83958.63,23,117,342
21,4,1,87509.47,3,183,204
21,4,1,92608.68,8,152,402
21,4,1,93199.11,49,195,445
21,4,1,93922.38,18,7,316
21,4,1,94782.68,45,88,559
21,4,1,91165.61,42,66,174
21,4,1,91935.85,33,210,351
21,4,1,98063.45,19,8,14
21,4,1,94721.78,17,65,56
21,4,1,92706.23,25,121,250
21,4,1,99372.8,31,220,557
21,4,1,91355.52,5,115,198
21,4,1,93875.9,9,40,462
21,4,1,97523.19,13,111,238
21,4,1,90120.0,25,35,227
21,4,1,100463.19,7,146,550
21,4,1,96759.55,24,51,279
21,4,1,96999.4,31,22,521
21,4,1,89788.69,28,192,443
21,4,1,96139.05,12,157,413
21,4,1,96133.09,41,185,341
21,4,1,96287.14,37,67,181
21,4,1,87541.27,26,24,287
21,4,1,92492.0,8,118,203
21,4,1,102547.38,31,123,214
21,4,1,96271.98,37,52,73
21,4,1,93858.35,21,104,285
21,4,1,89295.54,9,143,139
21,4,1,94014.86,21,128,527
21,4,1,89040.52,30,13,7
21,4,1,99128.22,31,67,93
21,4,1,90371.31,8,120,499
21,4,1,90829.42,34,126,506
21,4,1,93277.98,22,175,166
21,4,1,97579.94,21,106,225
21,4,1,87592.05,45,92,244
21,4,1,96802.38,43,29,325
21,4,1,83264.91,30,62,310
21,4,1,97506.73,20,20,385
21,4,1,96472.8,8,19,340
21,4,1,90700.36,42,196,17
21,4,1,90989.46,26,112,319
21,4,1,91554.2,48,136,350
21,4,1,89423.8,30,41,451
21,4,1,87043.86,33,26,71
21,4,1,90714.8,20,149,533
21,4,1,93023.64,14,48,131
21,4,1,91094.26,39,39,113
21,4,1,94406.95,32,2,178
21,4,1,98094.7,49,145,108
21,4,1,90178.46,9,14,333
